{
    "accuracy_score": 0.857,
    "precision_score": 0.7859778597785978,
    "roc": 0.670359702440352
}