{
    "accuracy_score": 0.8672,
    "precision_score": 0.7635782747603834,
    "roc": 0.7219703643729576
}