{
    "accuracy_score": 0.8688,
    "precision_score": 0.7699680511182109,
    "roc": 0.7244816879308803
}